Crop,Jan-13,Jan-14,Jan-15,Jan-16,Jan-17,Jan-18,Jan-19,Jan-20,Jan-21,Jan-22,Jan-23,Jan-24,Feb-13,Feb-14,Feb-15,Feb-16,Feb-17,Feb-18,Feb-19,Feb-20,Feb-21,Feb-22,Feb-23,Feb-24,Mar-13,Mar-14,Mar-15,Mar-16,Mar-17,Mar-18,Mar-19,Mar-20,Mar-21,Mar-22,Mar-23,Mar-24,Apr-12,Apr-13,Apr-14,Apr-15,Apr-16,Apr-17,Apr-18,Apr-19,Apr-20,Apr-21,Apr-22,Apr-23,Apr-24,May-12,May-13,May-14,May-15,May-16,May-17,May-18,May-19,May-20,May-21,May-22,May-23,May-24,Jun-12,Jun-13,Jun-14,Jun-15,Jun-16,Jun-17,Jun-18,Jun-19,Jun-20,Jun-21,Jun-22,Jun-23,Jun-24,Jul-12,Jul-13,Jul-14,Jul-15,Jul-16,Jul-17,Jul-18,Jul-19,Jul-20,Jul-21,Jul-22,Jul-23,Jul-24,Aug-12,Aug-13,Aug-14,Aug-15,Aug-16,Aug-17,Aug-18,Aug-19,Aug-20,Aug-21,Aug-22,Aug-23,Aug-24,Sep-12,Sep-13,Sep-14,Sep-15,Sep-16,Sep-17,Sep-18,Sep-19,Sep-20,Sep-21,Sep-22,Sep-23,Sep-24,Oct-12,Oct-13,Oct-14,Oct-15,Oct-16,Oct-17,Oct-18,Oct-19,Oct-20,Oct-21,Oct-22,Oct-23,Oct-24,Nov-12,Nov-13,Nov-14,Nov-15,Nov-16,Nov-17,Nov-18,Nov-19,Nov-20,Nov-21,Nov-22,Nov-23,Nov-24,Dec-12,Dec-13,Dec-14,Dec-15,Dec-16,Dec-17,Dec-18,Dec-19,Dec-20,Dec-21,Dec-22,Dec-23,Dec-24
Bajra,131.6,132.3,125,142.9,151.9,131.7,171.2,201.6,148.3,183.2,224.1,246.2,132.7,131.5,123.2,144.2,151.3,127.9,178.3,193.7,145.7,187.7,219.6,242.8,132.5,133.6,124.8,147.7,152.6,126.8,182,187.5,146.9,196.4,225.1,239.9,107.7,136.4,134.4,127.3,155.8,153.8,127,188,188.9,146.6,205.4,229.6,238,109.3,137.6,134.6,126.7,162.6,153.2,128.1,194.7,185,149.1,209.3,229.4,240.4,107,136.9,132.5,125.2,158.7,149.7,129.5,195.3,176.1,150.1,207,226.7,239.6,113.9,135.3,134.4,124.3,159.6,145.4,132.9,199.6,167.3,153.9,208,226.9,241,120.7,131,133.2,127.4,159.3,143.8,138.2,200.4,161.1,161.1,214.3,225.9,245.2,121.7,130.9,133.9,132.2,155.1,139.4,141.7,195.9,155.7,166.4,212.8,225.5,246.7,114.8,129.7,129.3,132.7,148.1,132.9,148.6,184.9,155.4,164.8,201.5,231.5,248.7,120.4,129.5,125.6,135.3,151,130.2,161.7,188.4,154.2,172.6,209.7,238.5,253.6,127.7,131.1,123.9,139.2,154.7,133.9,165.1,194.7,150,183.4,219.2,246.2,255.1
Barley,119.4,123.9,135.4,138.5,161.6,141.6,159.2,180.4,151.6,183.6,239.7,200,120.2,123.5,134.7,141.6,161.9,141,163.4,181.7,149.1,188.4,238.9,198.2,119.5,124.1,132.6,139.4,156.9,140.8,163.9,182.3,150,187,218.6,194.8,117.1,116.5,119.2,120.1,143.4,144.5,138.9,159,177.8,150,219.3,202.8,188.4,118,114.7,120.7,122.7,148.7,137.7,139.8,160.9,166.3,154.6,233.4,187.8,191.3,111.2,115.8,118.2,120.7,151.8,138.1,141.7,167,157.4,156,234.9,191.6,197.8,113.2,115.8,120.1,121.9,154.2,139.3,141,169,153.1,156.7,235,186.6,203.6,113.8,116.3,124.2,122.6,155.5,139.1,145,173.4,150.3,160,234,191.1,210.3,111.8,118,127.1,124.3,154,140.3,146.7,175.4,149.1,166.4,234.4,194.2,217.2,110.5,118.6,129.8,128.5,153.6,141.2,150.2,174.4,148.6,170.7,231.8,197.5,218.3,113.9,120.1,128.4,133.1,159.5,140.4,153.5,174.9,149.4,174.8,238.6,196.2,227.3,119,123.3,131,136.1,161.2,142.9,154.8,176.8,152,179.9,243,197.7,234.9
Castorseed,83.7,93,94.9,79.9,87.9,97.9,121.8,101.5,107.5,124.6,134.8,110,81.6,90.9,88.6,78.2,88.6,99.2,121.4,98.7,106.6,133.8,129.4,108.8,80.7,90.7,86.5,77.8,100.5,98.4,122.8,97.7,109.8,138.8,120.3,110.5,81.9,80.8,88.9,87.1,78.9,109.3,96.7,129.6,96.8,114.9,137.1,115.9,108.6,78.9,79.3,87.7,92.7,78.4,105.6,95.2,129.9,95.4,116.9,139.7,110.8,106.8,79.7,80.1,93,94.4,78.4,102,96.2,127.4,98,116.5,140.9,106.5,107.2,87.6,80.3,94.2,94.1,83.6,102.6,102.5,128,100.6,118.4,139.6,117,112.5,96.1,83,96.7,94.9,83.7,105.4,106.8,128.1,100.6,120.3,139,118.9,113.6,88.7,81.9,95.8,97,85.4,106.6,107,128.1,101.3,126,138.8,117.4,116.2,85.7,80.7,98.6,96.2,84.6,104.9,112.5,108.9,104.6,126.2,137.1,114.1,123.7,85.1,84.2,100.5,93.2,84.7,101.6,127.1,104.2,109.6,129.4,138.8,112,121.5,87.1,96.6,100.6,89,85.7,103.4,123.8,102.1,107.4,126.7,136.5,111.1,118.5
Cotton,91.8,111.7,86.5,90.4,111.4,110.6,115.5,109,109.9,159.1,172.7,152.8,93.9,111.8,83.4,87.7,113.9,106.9,113.1,107.5,113.9,173.3,171.1,151,100.2,107.4,83.6,85.7,114.3,103.3,117.1,107,116.1,185,169.3,157.7,89.9,98.8,106.3,89.5,89.9,111.5,102.9,125,106.8,114.9,209.8,172.2,155.4,92.1,100.2,106.1,93,93.5,109.4,105,125.2,104.4,116.6,235.1,165.9,149.9,92.7,105.7,108.2,91.8,104.5,110.7,116.7,124.9,106.1,125.6,226.2,161.7,150.6,102,111.6,106.4,91.5,116.4,110.7,121.9,123.2,106.4,131.2,203.6,157.6,155.3,103.6,116.3,104.8,90.8,115.6,110.1,122.6,120.7,92,134,219.6,162.2,152.1,97.5,115.5,95.9,91.3,111,106.5,120.9,117.7,94.8,132.6,201.5,164,156.8,91.8,111.9,90.6,86.7,105.9,100.8,121.1,113.6,99.6,141.5,179.4,159.4,151.3,92.4,107.5,88.3,86.2,102.1,101.7,122.6,109.6,105.4,147.9,183,158.1,149,92.5,105,89.5,89.4,103.6,107.6,119.3,108.9,107.9,146.6,178.9,152.8,148.2
Cotton (Meal/Cake),109.2,120.2,119.5,154.9,159.5,141.7,151.5,156.7,159.5,204.5,200.5,186.4,108.9,122.8,120.1,157.2,162.2,140.2,153,151.2,170.3,207.6,193.2,181.1,114.7,123.2,125.8,161.7,162.6,137.9,158,146.4,178.5,209.5,187.5,182.3,104.3,124.2,127.8,136.6,171.4,160.8,134.9,166.5,151.8,186.1,213,190.3,185,104.3,127.7,133.3,142.7,172,157.7,133.8,173.9,155.1,193.2,205.2,187.7,188.3,105.8,130.6,134.5,144.6,173.8,153.9,139.5,177.3,160.1,203.8,200.6,184.4,192.4,115.5,130.9,141,146.3,176.9,151.3,147.5,179.1,160.1,206,198,182.9,195.7,125.3,134.5,141.9,148.9,178.8,147.5,155,183.5,158.8,208.9,197.7,182.3,201,127.5,136.6,138,150.3,178.3,144.9,161.4,187.5,159.2,210.9,193.3,185,209.9,125,136.3,128.4,151.9,173.1,138.8,163.7,185,158.2,197.8,189.6,190.1,210.6,123.1,123.4,120,141.7,158.9,135.2,157.3,168.4,159,184,197.5,192,199.6,113.6,116,117.5,145.1,157.1,140,154.1,159.3,159.1,192.1,194,189.7,189.9
Cotton Oil,101.8,99.5,93.4,97.1,102.9,103.7,106.7,121.7,146.4,158,154.3,118.2,99.7,100.3,93.3,97.4,104.1,105.3,109.7,118.4,150.4,173.9,145.6,118.9,99.6,103.9,92.7,98.6,100.4,109,108.3,115.7,159.5,187.4,139.4,124,107.5,99.9,104.8,94.3,94.9,98.3,110.4,108.6,117.7,170.6,192.6,133.7,126.5,106,101.4,104.8,97.8,96.1,96.7,110.2,109.1,116.2,174.6,195.4,123.8,127.4,106.3,102.6,103.7,98.7,97.4,97.9,110.4,110.1,117.1,172.6,191.2,122.9,127.6,110.1,102.9,104.9,98.5,100.1,100.1,112,111.8,118.4,173.3,184.9,127.3,126.6,113.3,103.1,104.6,98.9,102.2,102.1,113.8,112.9,122.2,176.9,182.2,126.2,127.1,113.2,104,102,99,102.1,101.5,113.3,111.9,125.4,176.9,175.1,122.4,132,109.1,106.1,100.4,100.2,103.6,100.5,111.7,112.4,131.1,174.9,174.5,121.3,139.6,109.9,105.7,95.8,96.9,101.8,100.7,107.9,113.9,136,160.7,170,122,146.7,104.8,102,91.2,97.4,103.6,102.9,105.5,118.6,142.8,156,161.2,120.3,148.2
Gram,134,103.6,107.5,149.5,235.9,140.8,147.4,145.6,155.6,165.4,164.8,187.6,124.1,101.7,109.4,145.8,200.4,134.7,146.5,142,156.3,163.4,165.6,192.4,117.5,103.5,110.9,143.8,181.9,130.3,141.5,138.5,159.6,165.9,167.4,192.8,116.1,118.8,102.8,115.3,159.1,183.4,127,144.1,146.7,165.1,164.8,169.4,195.8,127.5,117,103.1,126.4,172.8,179.3,124.3,146.2,144.8,171.5,162,167,202,130.7,113.6,99.6,135,188.5,174,121.6,146.5,143.8,169.5,161.3,166.5,209.8,143.7,110,97.8,137.9,227.1,176,128.3,145.9,144.3,165,163.2,166.2,212.9,149.9,107.9,100.4,142.3,225.7,176.7,135.7,145.1,144.8,167.6,165.9,174.2,224.1,148.9,109.3,100.2,146.3,227.4,186.9,132.5,145.5,154.8,172.6,163.1,187.2,232.5,145.5,111,100.8,153,262.3,177.9,135.7,146.6,163.6,170.9,162,192.1,230.6,146,108.8,100.5,154.8,278.9,165,140.8,148.3,164.3,168.8,161.2,195.7,226.8,139.4,107.3,102.6,153.8,270.3,152.9,146.7,146.3,159.8,166,162.9,194.1,221.4
Groundnut,128.7,100.7,110,123.3,134.1,113.4,123.8,139,156.4,167.3,189.7,195.9,125.3,99.4,111.1,124.6,132.4,114.9,125.2,142.7,162.1,165.7,198.3,190.4,121.1,99.3,115,128.9,137.7,114.3,126.8,149.8,170.4,169.1,197.4,189.7,112.5,124.7,100.4,119.7,139.1,139.8,109.6,129.5,155.8,167.7,171.2,197.8,187.7,114,122.2,103.9,127.3,143.4,136.2,107.5,134.5,157.7,163.4,174.3,196.8,189.9,113.9,115.8,102.5,135.7,146.1,133.2,109.7,140.3,158.8,163.3,171,200.1,185.5,116.7,110.3,103.5,133.1,150,127.6,112.4,147.1,156.5,160,172,203.9,182.2,122.9,106.2,106.3,134.8,145.5,124.3,119.9,149.6,154.2,161.9,175.3,203,180,122,107.1,109.8,136.1,140.3,118,118.2,150.2,145.5,162.9,175.2,201,176.7,121.5,107.6,109,122.3,132.3,116.9,118.8,148.8,145.1,160.4,175.2,201.1,175.8,121.9,104.7,106.5,122.4,126.4,117,125.3,140.6,146.3,163.6,176.6,197.7,177.7,125.8,100.4,105,126,131.5,113.9,122.6,137.3,149.1,165.3,181.6,200.7,175.7
Groundnut Oil,127.4,91.2,97.6,110,114,104.3,112.6,125.7,151.8,154.1,175.4,171.4,127.6,90.1,98.6,109.8,114.5,106.1,113.5,127.7,159,158.4,177.3,168.3,123.8,92,103,112.2,118.7,103.7,112.7,132.1,165.3,169.7,178.9,168,118.9,124.3,91,104.3,118.7,119,103.3,114.8,137.8,168.4,177.3,174.4,167.7,121.9,122.3,91.5,107,121.3,117.5,103.8,119.7,137.9,167.7,176.1,172.4,167.9,121.1,116.4,90.5,109.8,123,111.6,103.4,118,137.6,158.3,176.9,171.6,166.6,120.7,109,92.1,111.4,124.9,109.9,105,118.9,137.7,158.3,177.3,175.6,167.6,124.4,105.2,93.2,112.9,127,107.4,110.4,120,137.2,160.8,174.3,181.4,169.2,122.2,102.9,95.1,113.5,123.3,105.1,110.6,120,138.3,159.6,173.6,180.2,169.2,117.9,102.4,94.2,112.2,118.3,105.4,112,119.7,140.6,160.6,175,177.7,167.4,120.2,98.3,93.3,107.2,114.8,104.9,114.3,120.1,145.2,156,174,174.3,167.1,127.2,95.2,93.8,108.8,115.1,105.6,112.5,127,148.3,153.1,174.7,172.3,167.8
Jowar,95.2,100.8,119.2,115.4,132.3,118.3,143,177.1,151.9,142.7,204,236.4,97.9,103,119.6,116.1,136,115.9,146.6,165.6,148.7,148.9,208.8,231.8,101.9,111.3,114.4,115.8,132.1,118.1,150.4,158.2,149,153.9,208.3,227.6,98.3,101.7,115.7,111.3,115.5,131.6,118,150.9,159.1,150.5,161.9,208,225.8,98.2,99.5,112.8,117.4,118.7,130.5,117,151.1,164.7,148.8,162.7,209.2,221.3,97,97.7,113.9,115.7,120.9,126.9,119.3,151.2,161.3,144.7,161.7,219.6,219.6,93.7,99.5,120.7,110.7,120.1,126.3,119.6,157.6,157.5,142.6,167,224.1,212.8,96.2,94.5,116.1,108.4,121.4,124.5,121.9,163.6,154.3,140.3,171.7,224.7,208.2,97.2,98,115,108.4,124,126.1,121.4,160,148,138.4,172.9,229.7,206.9,95.5,98.4,117,114.4,121.9,123.3,125.8,159.6,147.8,136.8,166.1,223.4,206.7,95.6,99.5,115.3,113.4,123.2,118.5,137.7,165,155.2,135.4,183.6,232.2,204.1,95,100.8,110.3,119.2,127.8,121.3,142.3,173.2,154.6,136.4,192.8,241.1,201.4
Jute,111.5,126.3,136.8,217.3,190.2,159.5,198.5,207.1,253.8,289.4,257.4,229.2,116.3,126.2,140.8,221.7,190.6,166.8,201.3,212.4,263,291.2,257,231.4,123.8,124.8,141.6,225.8,188.3,165.8,202.6,210.2,282.6,291.6,255.6,232.1,101.6,124,127.6,141.1,229.4,168.9,166.1,197.3,209.1,289.9,291.4,257.1,232.4,99.3,122.7,133,142,231.5,163.5,166.3,199.8,210.9,298.6,289,254.9,235.7,104,119.3,134.1,159.7,251,163.3,166.9,197.2,206.6,309.3,283.8,245.5,238,111.6,117.7,128.6,161.9,242.9,158.1,170.2,191.4,208.4,295.8,277.1,249.6,241,114.2,113.5,123.7,160.1,196.8,154.6,172.7,191,213.9,262.4,269.2,248.4,236.4,116.1,113.7,124.3,167.2,194,159.9,181.7,194.6,230.6,270.4,276.6,235.9,237.8,110.8,119.9,128,181,194.2,158,182.8,199.3,238.5,279.3,274.1,225.3,247.4,108.1,117.8,133.8,195.9,196.7,152.4,184.8,204.1,252.5,284,259.5,229.9,251.4,106.5,124.9,137.1,204.5,190.2,154.4,189.3,203.4,253.1,282.7,257.5,229.6,257.6
Lentil,119.8,136.4,166.8,190.5,161.1,126.7,127.5,147.9,165.4,202.9,199,189.4,120.1,136.6,166.2,184,156.2,122.1,129.5,147.1,166.3,204.9,196.3,188.5,119.5,140.8,164.9,182.3,154,120.6,130.1,146,168.4,205.5,194.6,188.8,102.5,126.1,143.3,165.1,186.8,155.3,120.8,131.8,149.7,171.9,202.8,192.1,186.3,107.4,127.1,145.5,177,190.2,148.5,120.7,134.9,150.8,176.1,202.5,188.1,185.8,109.7,130.6,146.2,186.3,191,144.5,117.8,137.1,155.1,179.6,200.6,187.7,189.1,115.2,131.5,147.9,188.4,190.7,137.5,117.9,137.5,157.5,179.9,202.1,186.5,190.4,119.2,132.2,150.2,195.6,185.6,136,121,137.3,158,184,204.4,186.8,188.9,119,132.7,152.6,195.1,182,138.3,121.8,137.3,159,197.3,199.7,191.5,187.2,118.6,130.9,152.1,197,179.2,133.8,121.7,137,162.8,203.3,199.8,191.3,187.5,118.1,134.1,153.9,198.8,176.8,130.9,121.2,140.5,166.3,203.4,202.1,193.1,190,117.4,135.6,157.5,195.5,169.6,130.3,124.6,143.2,163.8,201.7,199.8,189.2,187.4
Linseed,133.6,127,129,136.1,171.5,152.5,151.9,172,176.9,251.4,220,182.2,134,126.4,129.9,133.8,169.7,148.6,150.8,167.7,179.9,248,219.9,185.4,130.6,126.7,129.7,135,162.3,146.5,151.5,164.4,181.9,259.3,201.6,175.5,114.7,126.5,127,129,140.1,162,141.1,153,165.6,186.3,254.8,179.6,177.6,115.1,125.9,126.4,129.1,155.2,161,138.8,157.3,169.4,195.2,254.2,175.4,181.2,114.8,125.6,125.2,129.7,166.1,159.6,141,155.4,168.1,189.5,239.6,177,187.7,117.7,127.7,124.9,130.7,171.5,160,143.4,154,162,183.2,234.8,176.4,187.8,122.9,126.5,126.4,129.5,174.8,155.9,145.6,159.9,162.6,189,236.2,183.9,193.2,126.6,126.7,125.6,132.6,175.6,154.8,146.5,161.7,166.4,209.8,244.9,178.2,195.2,128.8,126.1,127.5,133.3,177.4,155.4,147,161.5,172.5,230.7,239.1,179.7,198,131.9,126,127.7,133.1,173.2,155.4,146.5,163.5,175,246.4,239.8,179,201,133.7,126.2,128.2,137.5,174.1,154.5,150.3,167.2,178.8,257,228.1,182.2,198.2
Maize,123.4,120.1,118.6,133.8,134.6,116.4,147.9,178.8,137.4,157.4,190.9,195.1,122.9,118.9,119.3,135.9,135.6,117.3,158.9,167,135.4,162.4,193.1,198.3,121.8,121,122.4,135.8,135.2,117.3,163.7,158.5,135.7,169.5,193.7,196.2,107.9,121.4,119.2,121.4,135.2,135.5,118,171.3,155.4,139.9,181.1,189.8,198.7,105.5,120.6,118.3,118.9,135.2,134.2,117.6,171.3,152,141.5,182.3,184.5,200.9,107.2,126.1,119.8,118.3,136.6,132.6,121.5,174,148.4,142.6,178.3,181.9,202.7,111.3,127.6,124.6,119.9,142.2,129.2,121.6,181.5,147.6,147.6,186.1,186,207.2,117.8,126.5,121.7,120.4,139.3,127.7,123.2,184.8,146.9,153.6,192.4,186.8,213.6,117.3,128.9,117.4,121.9,139.8,125.1,125.7,185.8,142.5,154.8,193.4,182.9,216.5,117.8,121.2,114.2,123.5,138.6,123.7,129.3,183.6,137.9,151.6,186.1,183.9,215.6,117.9,122.1,113,126.6,137.7,119.1,131.9,172.4,139.8,150.4,182.4,183.5,213.3,121.2,123,113.7,129.2,134,117.9,139.2,175.6,140.5,154.2,186.6,188,213.3
Mesta,109,122,129.8,173.2,127.9,107.9,128.5,138.6,183.2,187.9,201.5,172.5,111.5,121.3,130,173.9,126,116.9,132.8,137.2,181.5,192,192.8,169.5,119.3,120.7,133.1,170.7,129.1,122.9,133.9,136.6,186.8,187.6,175.2,169.7,97.7,120,120.5,135.6,170.7,130.6,123.2,130.6,136.6,189.7,195.4,156.9,171.7,96.9,120,122.5,136.8,172.3,128.1,118.3,132.3,136.6,188.9,205.1,155.4,170.8,97.9,117.4,122.9,138.2,170.7,128.6,120.1,135.3,136.2,185.9,206.9,158,172.1,104.8,118.1,124.2,138.6,168.1,129.9,122.1,131.5,135,179.4,208.2,161.6,172.5,102.7,117.4,123.4,139.9,159.3,129.1,124,132.9,133.3,181.2,209.5,164.1,177,104.8,117.4,119.3,139.9,153.6,130.2,121.4,133.3,132.6,182,211.9,170.9,182.2,105.2,117.4,121,140.5,153.1,126.6,122.6,133.3,133.5,183.4,212.6,175,174.1,110.5,117.8,122.5,144.7,147.6,124,122.6,133.3,133.9,181.1,212.8,175.9,171.4,108.9,119.5,128.1,158,147.4,113.6,128.1,136.6,157.2,183.2,211.1,179.4,171.8
Moong,116.9,126.5,159.1,167.1,119.7,112.2,125.8,151.3,166.7,164.1,167.7,200.9,117.1,129.3,155.7,161,116.9,113,128.2,156.6,169.7,166.1,167.8,202.4,118.3,132.6,150.7,158.7,115.4,114.1,127.8,162,169.2,168.8,172.8,205.1,96.3,120,135.5,151.4,162.2,120.8,111.5,128.2,174.2,169.7,167.7,180.8,209.6,96,118.9,137.8,155.7,161.9,120.1,113,130.9,179.7,169.6,166.3,178.6,210.3,96.6,119,136.8,170.2,155.4,116.8,112.4,135.6,176.1,167.4,165.1,184.8,202.8,103.6,118,142.5,165.3,150.4,113,115,137.1,173.6,163.5,166.2,189,198.8,108.7,113.9,142.2,164.8,143.5,112.6,118.9,137.2,170.4,162.5,167.6,188.6,194.6,108.4,117.5,141.2,167.5,134.7,112.9,119.8,138.7,164.3,164.9,166.2,197.3,192.2,112.2,122.9,144.6,173.5,131.6,111.5,118.1,139.7,162.6,166.3,166.2,203.9,190.9,113.5,126.4,148.5,178.1,127.4,109.8,121.6,146.7,165.1,164.7,165.7,202,187.3,115.4,126.7,153.9,168.8,122.7,110.7,123,149.6,168.5,165.1,168.2,203.9,186
Nigerseed,116.1,114.6,138.8,238.3,198,200.8,140.8,171.5,206.7,254.5,248.3,277.4,116.1,112.6,143.3,243.5,200.4,190.2,143.5,166.9,204.4,256.9,246.4,292.3,117.9,112.6,146.7,241.2,202.3,179.4,165.3,164.5,211.5,259.9,263.4,295.3,116.4,117.9,114.3,165.2,221.2,201.6,169.5,174.7,163.6,233.1,239.8,271.8,295.3,120.2,119.6,116.1,154.5,215.9,204.7,153.7,173.1,160.4,247.1,235.4,276,290.3,124.4,117.4,119.2,192.6,210.6,206.7,141.7,170.7,153.1,249,234.2,280.4,288.5,114,117.1,120.9,220.3,212.8,207.2,132.8,168,152.5,247.5,237.8,278.1,294.2,125.2,116.5,123.8,227.6,208,205.4,130.9,163.8,187.9,241.8,240.1,284.4,305,124.7,114.6,128.3,234,207.6,204.8,139.7,166.1,214.5,241,240.8,296.8,305.2,119,115.5,128.3,244.2,207.6,205.9,140.8,174.6,215.2,251.9,243,291.7,306.4,114.7,116.1,122.7,260.4,207.6,205.5,141.1,175.4,216.6,252.9,244.8,282.5,307.4,112.5,116.6,125.7,251.3,199.7,203,141.1,169.4,205.2,253.9,248.2,281.2,307.7
Onion,190,163.3,193.5,184.3,117.8,346.2,119.1,468.5,316,265.5,200.5,259,216.2,133.1,198,144.9,114.5,250.7,105.3,276.2,362.6,266.8,159.5,206.1,159.1,126.8,185,133.2,110.6,157.3,108,229.3,241.1,218.6,138.1,216.8,72.8,145.2,130.7,171.8,123.5,107.9,122.6,118.6,204.4,164.1,157.5,128.2,204.8,72,141.7,139.5,179.9,117.4,102.3,115.8,134.2,142,175,139.3,129.2,204.2,80.1,190.8,185,204.2,123.5,111.8,135.3,157.8,133.7,219.7,150.9,144.4,279.2,94.1,279,243.4,275.5,129.5,117.2,169,181.9,135.4,232.9,172.5,184.8,347.9,105.6,441.3,232,440.2,117,220.5,163.3,217.2,142.4,231.8,174.4,229.2,387.7,104.5,491,206.1,460.3,107.8,193.8,147.8,328.7,224.7,220.4,174.2,270.1,486.2,111.8,530.9,201.8,369.4,104.3,237.6,162.3,356.8,387.1,293.1,205.1,333.5,478.2,145.2,392.7,204.4,269.9,120.6,335.5,175.8,478.7,442.3,290.2,234.2,471.3,504.5,161.6,210.1,208.7,209.5,122.2,363,131.3,729.8,330.7,267.6,194.3,372.6,414.1
Paddy,116.7,131.1,133.5,135.8,143.8,150.4,155.8,162.3,162,162.9,174.6,191.3,117.9,132.3,134.1,135.3,146.4,151.4,156.5,162.3,161.7,161.7,175.6,193.6,118.7,132.6,132,135.2,147.7,152.6,156.6,159.3,161.5,163.1,175.4,196,104.2,120.4,133.7,132.6,136.3,147.6,153.3,157,162.7,162,164.4,176.2,197.4,104.2,121.9,136,134.2,139.1,148,154.2,157.6,163.1,162.2,165.1,177.2,198.1,107,124.9,137.2,133.6,142.2,148.4,153.9,158.4,165.6,161.7,165.5,178.2,199.7,111,129.4,139.6,133.4,144.2,149.1,155,159.9,165.8,161.2,166.2,181.2,201.1,114,132,140.5,133.9,144.6,148.5,155.6,160.8,165.4,161.8,168.8,184.3,201.1,116.1,131.3,140.5,135.2,144.7,148.8,155.7,161.9,165,162.3,171.7,187.1,202.1,116.6,131,140,135.8,145.1,149.6,155.7,162.7,163.7,162.8,173.6,189.9,204.4,116.3,131.3,138,135.6,145,149.2,155.5,162.1,163.1,162.8,173.3,191.4,205.9,115.9,130.6,134.6,135.4,144.2,148.8,155.7,162,162.2,162.6,173.7,192,205.3
Palm oil,93,107.7,94.9,89.2,108.7,111.6,111,138.1,166.7,189.6,163.8,144.8,93.4,108.2,95,91.8,108.3,113.5,112.9,135.7,173.8,201.8,164.2,147.4,94.2,111.8,96.3,95.5,106.8,118.1,110.3,132.8,184.3,217.1,164.2,152.3,112.5,94.9,110.9,95.3,99.3,105.9,122,109.9,128.3,195.3,227.4,163.7,156.5,113.3,95.3,109.4,95.1,101.4,104.4,123.3,107.9,125.5,204.8,233.2,159.8,155.7,112.4,97.2,105.8,95.2,101.1,104.5,124.3,106.5,129.8,194.3,220,153,153.7,112.5,99.6,106.1,95,99.5,104.4,121.6,105,131.8,195.4,201.5,152.2,154.5,111.9,102.8,103.2,92.2,102.8,103.6,118,106.9,136.6,197,196.1,151.3,155.8,108.9,104.7,99,89.8,105.5,106.2,118.7,110.2,138.9,193.8,175.9,146.4,166.9,100,105.8,97.9,90.1,103.4,107.5,118.2,111.7,143,192.9,171.7,146.2,180.8,96,107.5,95.6,90,103,109.8,113,115.8,151.2,191.9,170,145.5,198.3,92.1,109.4,94.9,89.7,106.4,110.8,109.2,127.3,161.2,188.8,163,145.1,202.2
Peas,118.4,103.4,113.6,120.5,120.2,130,167.7,182.4,172.9,191.4,160.4,181.1,113,105.8,106.5,112.4,119.7,127.3,155.7,182.3,178.6,195.1,160.2,180.2,123.2,116.7,124.7,112.4,122.2,129,168.2,180.1,188.7,187.9,166.9,185.2,113.2,136.2,129.9,126.1,136.6,133.3,145.5,179,187.8,217.7,209.6,195.5,189.7,123.1,139.7,135.6,136.9,146.3,136.1,149.9,185.1,194.9,219,223.5,199.5,208.5,134.3,153.1,139.8,150,158.2,130.2,150.5,189.9,199.6,216.5,220.6,196,214.8,147.4,151.7,145.7,142.1,156.6,137.6,154,190.7,200,214,218.3,215.9,221.7,143.3,147.4,147.2,139.7,147.4,141.4,158.4,194.9,202.4,217.6,230.1,224,229.9,153.8,157.1,146.4,148.2,147.4,142.3,157.6,199.9,205.1,219,235.7,227.4,258.8,146.6,157,147.3,142.7,153.7,142.4,183,200.6,213.5,209.7,250.2,236.4,262.3,131.8,150.2,136.5,140.3,152.2,141.2,203.9,202.4,230.2,237,223.1,235.8,241.1,124.8,131.9,119.1,122.8,134.7,137.8,189.9,177.4,187.1,199.2,175.9,184.3,218.4
Potato,142.3,155.6,137.5,123,102.5,111.4,141.4,262.3,200.7,171.7,184.6,169.1,129.8,144.3,116.2,127.6,96.8,108.1,131.4,211.2,147.5,170.6,146,168.4,124.1,158.3,109.2,133.2,91.1,130.5,133.8,215.9,143.8,181.7,135.2,206.8,142.4,148.9,188.9,100.5,167.7,99.5,170.8,143.1,231.9,162.3,194.5,157,270,155.9,168.5,224,105.5,194.1,109,205.5,157.9,240.9,178,232,190,311.7,186.5,176.9,248.5,118.4,214.3,112.5,224.6,170.1,265.7,183.1,259.1,204.3,339.9,194.6,181.1,265.9,130.6,230.4,132.6,232.3,176.2,297.9,188.6,291.4,220.3,390,198,170.8,289.9,132,235.5,132,226,175.7,322.3,201.8,291.4,221.4,394,189.4,162.4,310.7,131.2,229.8,122.3,220,170.4,372.6,190.2,284.9,213,378,172.9,187.9,315.4,138.2,214.7,119.6,232.6,187,410,204.6,296.5,209.7,374.8,171.1,249.9,320.2,152.2,201.8,119.6,225.5,206.3,491.1,254.5,289.5,210.7,384.4,147.9,213.8,201.1,137.2,128.5,117.7,167,250.6,364.4,209.6,251.7,191.1,366.7
Ragi,159.7,156.6,160.6,164.3,242.6,207.9,223.4,213.8,226.2,232.2,221.6,279,170.2,158.1,161.1,166.9,242.9,214.9,224.9,211.9,226.8,235.4,222,285.6,173.8,162.5,166.7,167.3,258,220.8,221.4,215,232,234.9,224.3,291.9,107.2,173.1,163.2,164.2,174.1,252.8,213.5,221.7,224.5,231.8,233.4,233.8,294.5,110.3,172.9,159.2,159.5,177,245,211.2,223.1,229.6,233.7,231.1,237,300.4,108.9,170.4,157.6,158.7,169.3,237.5,208.3,220.3,228.2,235.2,225.9,237.1,303.5,115.6,174.2,159.6,156.1,169.3,247,206.6,221.4,232.7,233.1,219.4,245.4,309.2,126.4,174.5,163.7,159.1,167.1,261.9,216.2,228.9,231.9,230.1,209.7,256.6,321.5,134.1,169.9,163,161.5,167.3,252.5,213,233.1,225.1,227.8,203.9,259,321.2,149.5,166.7,161.7,159.5,178.1,233.7,214.1,226.9,223.9,227.1,207,263.5,316.1,161.5,167.2,154.4,157,209,217.3,211.4,220.9,228.4,229.3,208.6,269.5,312.4,162.1,164.3,160.6,158.1,228.6,217.6,212.9,213.5,230.1,229.6,213.3,279.2,317.2
Rajma,149.2,186.6,157.8,155,165.5,141.2,133.6,141.8,179.5,248.7,239.6,233.5,161.4,183.8,156.2,155,165.1,137,133,142.7,183.7,244.9,240.6,233.7,164.8,183.2,155,155,163,134.1,131.2,142.2,197.2,246.7,240.1,234.6,134.7,166.1,180.2,157.2,153.8,162.2,132.6,131.9,142.2,199.8,246.3,238.6,230.6,138.7,166.7,172.6,156.7,158.3,160,132.5,132.2,142.9,200,246.8,238.2,231.8,146.9,167.2,172.5,157,158.4,157.5,132.2,133,145.5,201.9,245,241.8,237.9,151.2,171.6,173,155,159.5,157.9,132.3,132.9,145.9,206.1,250.4,243.8,242.5,153.9,174.9,166.9,155,153.9,157.3,133.2,134.3,145.5,217.4,257.1,249.8,242,151.2,174.6,162.7,155,153.8,157.8,132.8,135.9,147.8,220.3,253.3,250,242.4,153.9,175.9,162,155,157.7,156.1,132.2,137.7,153.4,224,253.2,246.4,243.5,157.6,180.5,159.9,155,160.4,151.3,133,142.5,155.6,227.2,246.3,244.2,236.2,148.4,185.8,157.7,155,166.1,144.9,134.8,141.3,167.4,250.3,237.8,243.2,229.5
Rapeseed & Mustard,138,120.4,127.1,154.3,147.7,137.6,144.5,152.9,177.5,216.8,196.2,163.6,132.6,119.3,128,135.3,143.4,136.8,143.3,150.5,178.9,216.6,185.9,162.8,121.6,118.5,126.7,132.3,135.3,136.1,139.4,148.2,172.9,210.9,176.2,162.2,117.9,117.7,116.9,127.5,144.2,130.6,136.8,138.2,147.3,181.1,208.3,171.7,163,118.4,117.4,115.9,138.6,147.4,130.7,136.9,139.2,148.6,196,210.8,167.5,164.3,119.3,117.4,117.7,143,150.8,129.9,137.4,141.5,151.9,200.2,206,162,172,129.5,116.5,121.1,143.8,155,131,140.8,141.9,154.6,202.3,204,163.8,173.4,134.6,116.9,121,145.1,155.9,133.3,143.8,143.2,159.3,210.9,201.6,166.2,174.2,136.7,119,122,148,155.5,134.6,145.6,144,164,219.1,198.2,165.4,182.5,141,120.1,122.3,158.8,152.8,134.2,145.8,144.9,166.4,224,197.4,166,191.9,142.2,122.9,124.3,163.2,153.5,135.6,146.6,146.5,171.9,225.1,201.9,167.1,191.8,141.2,122.7,129.1,161.3,151.2,138.2,145.7,150.1,171.3,222.8,199.3,165.3,189.9
Rapeseed & Mustard (Meal/Cake),165.3,149.1,166.4,245.7,226.7,180.4,190.2,203.2,222.4,246.9,196.8,228.3,152.2,148.1,162,237.2,199.8,187.9,187.6,197.7,224.1,245.3,192.9,217,148.3,152.5,164.9,231.4,195.8,190.4,187.6,200.6,217.8,241.4,193.5,207.5,130,149.9,153.5,175,232.9,196.8,186.7,184.4,183.1,233.7,238.1,197.6,202.6,143.5,147.9,155.6,183.8,236.2,193.9,186,186.4,181.8,238.7,204.6,197.6,210.4,145.1,146.5,151.9,181.7,240.8,188.2,184.2,188.6,181.2,234.8,202.7,200.7,216.6,159.1,144.4,148.7,181,244.9,175.5,181.8,189,183.9,239.9,198.6,205,213.2,174.5,143.2,146.2,222.6,246.3,172.1,184.7,190.4,189.5,246.9,201,211.2,211.1,176.2,146,148.6,232,244.5,170.6,186.7,195.4,196.6,251.5,193.6,221,214.6,181.2,150.8,149,240.6,244.2,173,191.7,200.1,208.1,256.8,192,228.7,209.2,185.1,153.3,155.8,243.6,247.2,180.4,192,206.7,220.8,261.1,196,233.5,202.4,178.3,152.8,168.9,252.1,239,181.6,191.9,206.4,221,255.1,199,232.7,196.8
Rapeseed & Mustard Oil,116.2,108.1,116.8,124.3,125.8,120.8,124.7,133.4,173.6,224.5,189.1,153.7,114.6,105.8,114.3,119.7,120.1,120.6,123.6,131.3,175.9,223.4,180.5,151.1,109.3,107.4,112.4,117.6,117.6,119.3,122.9,131.4,176.3,218.3,169.2,152.5,115.6,105.8,105.8,113.1,120.4,118.1,120.3,120.2,133,197.4,218.1,163.1,153.8,115.2,103.8,106.7,117.6,120.4,117.9,120.7,121.2,138.9,208.5,216.1,152.4,159.1,115.1,103.7,105.9,123.5,120.4,115.9,122.3,122,145.7,204.7,210.2,150.3,170.6,118.8,102.5,106.7,125.5,128.1,113.5,127,122.8,147.7,211.5,202.5,157.5,171.9,122.1,102.4,106.7,124.7,128.4,115.6,126.6,122.6,152.2,222.6,199.4,163.4,172.9,121,104.4,107.7,127.1,131.3,116.4,127,122.6,158,235.1,189.3,157.2,186,118.2,106.9,107.8,135.2,128.1,118.9,126.2,124.7,164.5,232.5,195.5,154.9,195.1,118.5,109.7,109.3,135,128.7,119.4,127,129.2,169.5,235.2,203.5,159.4,195.7,118.5,109.1,113.2,130.3,127.6,120.9,126.1,132.8,172.3,226.5,196.5,156,194.8
Rice,116.5,125.6,129.8,130.1,146.2,152.1,150.7,154.7,151.3,152.8,171.7,184.6,118.7,127.9,129.4,131.2,147.9,153.9,150.6,154.5,151.6,152.6,170.2,187.7,121.7,127.8,128.7,132.5,147.2,151.5,151.1,155.5,151.7,154.9,174.1,190.3,103.6,125.4,130.7,127.3,134.3,147.7,151.5,150.9,156.3,152,155,172.6,190,104.9,127.5,130.8,126.4,136.8,148.3,150.9,151.8,157.6,152.1,156,172.5,192.2,107.9,128.5,129.5,127.4,140.2,148.9,150.5,153.6,157.4,153.9,158.3,174.3,194.2,108.9,129.1,131.9,127,143.7,150.2,148.5,153.9,155.6,151.4,160.9,176.5,193.8,109.9,128.9,133.8,128,143.3,152.4,149.4,154.8,156.9,151.5,165.7,181,191.7,111.4,128.7,133.5,128.9,144.8,152.4,149.9,156.5,155.9,152.3,167.8,181.6,191.9,113.2,127.8,133.7,129.8,144.5,151.6,150.3,157.6,154,152.1,169.9,183.5,192.6,113.8,128.5,132.2,130,146.4,150.9,149.3,156.5,152.9,153,169.9,184.3,193.3,113.5,124.8,129.8,131.3,146.2,152,149.4,155.2,151.4,152.7,171,184.4,193.5
Safflower,112.8,108.2,93.7,109,114.1,138.8,155.3,200.3,167.2,217.6,208.2,183.4,115.7,107.1,94.8,111.1,117,139.2,157.5,186.7,169.4,209.9,197.8,178.8,115.2,112,94.5,110.1,124.8,139,156.8,164.5,164.9,225.4,194,188.8,103.9,119.4,125.4,104.2,108.9,126,137.8,167.6,155.6,177,229.6,181.4,182.3,110.9,115.9,124.5,110.1,115.5,127.8,134.6,178.1,157.2,179.8,212.3,175.6,169.9,112.7,118.9,93.2,108.1,111.8,129.3,137.8,183,160.2,181.8,195.1,176.8,175,116.1,118.9,94.8,105.8,111.4,134.1,134.8,181.2,162.4,183.8,199.3,168.6,167.7,118.1,114.6,94.1,107.4,112,139.3,136,187.2,162.7,188.4,203.5,167.8,173.3,120.3,112.8,94.3,105.3,112.9,140.2,139.3,187.9,157.4,193.8,208.2,172.8,183.4,117.8,112.3,93,105,113.5,137.2,143.5,194.8,161.6,193.9,204,165.1,189.1,114.8,112.7,92.3,105.9,112.3,135.6,150.5,196,163.4,203.9,208.5,174.7,195.6,114.8,112.1,93.4,106.4,113.9,133.2,155.5,196.3,164.9,206.4,212.9,186,196
Sesamum,159.3,147.8,125.5,108.5,116.4,132.2,171,184.7,173,184.5,206.6,239.2,161.2,142.5,121.9,105.7,117.8,133.4,174.4,188.7,174.1,184.4,211.3,232.5,161.6,145.4,119.8,104.7,115.6,130.1,170.3,189.8,176,186.3,208.6,236.1,123.7,160.5,147.1,116.3,119.2,116.4,128.1,167.3,191.6,178.6,187.2,210.3,233.6,122.1,155.2,140.8,112.9,119.6,116.3,126.8,165.6,193.8,175.9,189.1,208.4,232.3,120.4,155,138.7,116.1,117.2,114.3,128.1,160.7,194,179,184.6,219,232.5,125.6,157.2,138.5,116.1,116,113.2,130,165,191.7,177.4,177.4,225.9,229.3,134.8,157.2,141.9,114.6,123.7,115.9,133.9,169,188.6,182.1,181.6,228.8,229.8,137.9,159.6,136.8,110.5,122.6,119.7,141.3,173.2,182.3,183,181.9,229.7,227.1,138.1,149.7,136,110.1,118.5,118.5,150.1,177.8,176.2,184.9,184.9,227.9,227.4,143.3,159.7,130.2,109.5,118.8,120.4,160.8,178.8,171.3,187.4,189.1,232.8,221.9,149.7,164.5,127.6,108,117.3,128.3,168.8,182,175,187.4,191.8,234.4,213.5
Soya oil,111.1,106.1,102.6,100.8,108.1,110.7,112.7,121.7,151.6,170.2,171.5,125.2,112.1,105.8,102.1,99.9,106.2,111.3,113.5,121.3,153.5,178.1,163.8,125.1,107.5,107.4,100,99.7,105.4,112.6,112.5,118.2,161.9,196.1,151.1,130.1,108.3,108.1,106.9,98.9,101.4,103,114.4,111.6,119.3,173,201.6,147.6,129.7,109,109.1,106.6,98,102,102.6,112.6,111.4,116.4,183.5,206.3,137,129.4,107.1,107.5,105.1,97,101.8,103.4,111.6,111.5,115.3,180.9,198.6,129.9,131,113.5,108.3,104.8,98,102.4,103.1,112,110.8,118.1,179.6,179.9,132.5,132.4,115.2,107.4,103.9,95.9,102.7,103.6,111.7,111.2,120.6,182.9,175.9,134.5,131.2,116,106.7,101.2,96.9,103.8,105.8,111.4,111.6,123.6,188,168.1,128.6,135.6,109.4,107.5,101.5,97.3,105.4,105.2,112.6,112.3,128.6,180.6,171.9,127.1,152,110.2,107.2,99.2,98.6,106.7,105.8,111.8,113.7,137.7,174.8,181.4,130.2,167,110.8,105.8,98.3,100.5,107.8,106.1,111.1,117.6,146.3,170.2,174.5,127.1,169.4
Soybean,139,157.8,144.6,151.3,127.8,136.6,151.5,181.8,188,263.7,237.9,210.8,137.7,162,142.2,150.2,126,152.2,159.8,171.6,194.4,275.7,234.6,202.9,150.9,169.5,141.3,151.4,124.9,156,157.5,157.2,217.7,308.2,225.8,204.1,131,163,175.6,145.5,167.5,126.8,157.5,162.3,156.5,244.6,311.3,228.2,208,139.6,164.4,188.5,166.2,162.4,123.4,155.9,159.1,164.1,276.5,297.7,224.8,205.6,144.8,156.7,175.5,155.6,165.1,121.2,153.1,161.8,164.1,282.6,287.5,221.5,205.2,182.7,153.5,175.9,147.1,158.7,121.6,150.1,156.9,160.9,299,261.5,219.8,204,183.8,148,162.4,139.2,156.3,122.8,147.1,157.8,163.5,358.4,258.3,216.2,197.1,166.2,148.1,141.8,139.2,149.3,124.8,142.9,164.9,164.5,337.1,226.9,213.1,207,134.2,147,131.6,156.9,132.3,126,140.2,160.8,168.7,230.6,208,202.6,199.3,140.1,160.3,135,158.3,126.2,122.2,141.6,161.8,174.6,234.6,235.2,214.5,199,142.6,160.1,140.8,152.2,128.9,125.3,143.9,172.5,178.3,258.1,234.6,213.3,191.9
Sugarcane,104.9,124.3,124.3,159.7,167.6,169.5,169.5,169.5,189.4,199.8,210.1,217,104.9,124.3,124.3,159.7,167.6,169.5,169.5,169.5,196.3,199.8,210.1,217,104.9,124.3,124.3,159.7,167.6,169.5,169.5,169.5,196.3,199.8,210.1,217,100,104.9,124.3,150.3,159.7,167.6,169.5,169.5,169.5,196.3,199.8,210.1,217,100,104.9,124.3,150.3,159.7,167.6,169.5,169.5,169.5,196.3,199.8,210.1,217,103.9,104.9,124.3,150.3,159.7,167.6,169.5,169.5,169.5,196.3,199.8,210.1,217,101.2,104.9,124.3,150.3,159.7,167.6,169.5,169.5,189.4,196.3,199.8,210.1,217,104.9,104.9,124.3,150.3,159.7,167.6,169.5,169.5,189.4,196.3,199.8,210.1,217,104.9,104.9,124.3,150.3,159.7,167.6,169.5,169.5,189.4,196.3,199.8,210.1,217,104.9,109.4,124.3,150.3,164.4,167.6,169.5,169.5,189.4,196.3,210.1,217,234.2,104.9,124.3,124.3,150.3,167.6,169.5,169.5,169.5,189.4,199.8,210.1,217,234.2,104.9,124.3,124.3,150.3,167.6,169.5,169.5,169.5,189.4,199.8,210.1,217,234.2
Sunflower,115,110.4,108,118.5,110,99.8,119.7,124.2,142.5,169.5,163.9,132.9,116.1,112.2,109.8,118.1,108.5,100.6,127.4,123.6,161.5,182.6,165.9,125.7,111.1,114.5,106.9,118.1,106.8,104.4,122.9,114.8,174,202.6,153,126.1,101.9,111.9,109.9,105.8,115.5,104.2,107.2,120.8,109.8,169.8,198.9,149.9,123.6,101.7,111.8,108.8,110.2,114.3,102.6,98.9,121.9,107.6,176.4,190.2,141.8,120.4,104.8,118,111.1,109.4,112.7,98.3,101.3,120.9,115.1,160.2,187.7,137.1,121.5,112.8,112.3,106.6,109,112.5,96.8,104.8,117.5,116,169.5,180,141.2,124.3,118.4,121.9,110.4,112.6,112,94.5,105.9,121.5,120.1,184.1,184.4,153.2,126.2,113.7,117.6,108.2,116.4,113.5,98.4,111.4,120.5,126,174.9,180,152.1,131,115.3,114.4,110.1,117.1,113,99.1,116.6,121.6,129.3,171.5,166.5,144.6,139.2,117.4,112.1,107.3,119.1,110.1,99.2,117.5,121.5,125.7,163.8,171.4,140.1,140.2,116,114.5,107.2,119.7,109.4,100.2,118.2,124.3,127,169.4,165.1,138.5,142.6
Sunflower oil,108.3,100.9,95.9,104.2,106.4,105.8,110.4,116.2,150.9,152.3,155.6,124.4,109.3,101.2,95.8,102.8,105.6,106.3,110.5,114.1,157.6,156.4,147.3,128.5,107.1,100.5,94.1,101.3,103.9,107.4,109.4,112.8,165.6,173,140.7,127.9,102.2,107.5,101.2,94.7,105.4,102.5,107.4,108.7,115.1,172.4,181.8,134.7,126.8,102,107.1,97.4,99.1,104.7,101.8,108.3,108.5,116.3,175,184.1,128.5,127.6,101,110.5,96.9,99.6,104,101.4,109.2,109.4,119.2,162.8,180.9,126.2,128.6,105.5,108.2,96.3,99.3,104,102.4,109.8,110.5,119.6,161.6,175.1,127.3,129,106.2,110.2,95.3,98.5,103.6,101.9,110.6,112.4,121.6,160.5,170.1,127.3,129.2,107,110.6,91.7,102,105.5,102.1,111.7,112.4,130.1,161.3,162.9,124.1,138.4,105.7,109.6,92.9,105.9,105.3,101.7,111.4,112.4,134.2,160.2,165.7,124,147,106.2,108.6,93.2,103.3,105.1,102.7,110.3,113.2,138,153.4,166.9,125.9,155.1,106.2,103.7,93.6,104.7,106.8,105,110,116,145.2,152.2,160.8,124.8,156.7
Tobacco,104,108.5,113.6,113.6,113.6,113.6,113.6,113.6,113.6,113.6,113.6,113.6,104,109.4,113.6,113.6,113.6,113.6,113.6,113.6,113.6,113.6,113.6,113.6,104,110,112.7,113.6,113.6,113.6,113.6,113.6,113.6,113.6,113.6,113.6,100,104,110,113.6,113.6,113.6,113.6,113.6,113.6,113.6,113.6,113.6,113.6,100,104,117.1,113.6,113.6,113.6,113.6,113.6,113.6,113.6,113.6,113.6,113.6,100,105.8,112.2,113.6,113.6,113.6,113.6,113.6,113.6,113.6,113.6,113.6,113.6,100,104,112.9,113.6,113.6,113.6,113.6,113.6,113.6,113.6,113.6,113.6,113.6,100,104,112.9,113.6,113.6,113.6,113.6,113.6,113.6,113.6,113.6,113.6,113.6,100,104,113.6,113.6,113.6,113.6,117.2,113.6,113.6,113.6,113.6,113.6,113.6,100,104,113.6,113.6,113.6,113.6,113.6,113.6,113.6,113.6,113.6,113.6,113.6,102,110.9,113.6,113.6,113.6,113.6,113.6,113.6,113.6,113.6,113.6,113.6,113.6,104,108.5,113.6,113.6,113.6,113.6,113.6,113.6,113.6,113.6,113.6,113.6,113.6
Tomato,88.3,79.5,131.3,144.8,91.4,119.7,167.5,200,175.7,272.8,162.3,254.8,73.7,79.6,119.2,103.6,110.1,95.5,133.4,158.4,163.4,194.1,167.8,269.3,84.1,82.1,122.7,99.4,126.1,92.7,161.8,135.7,142.1,162.1,191.1,250.1,129.3,106.9,102.4,166.7,142.7,118.8,111.2,208.8,146.7,147.2,204,173.6,244,138.3,162.9,101.1,168.7,179,98.6,104.6,287.2,125.8,132.2,421.9,159.8,262.8,144.8,186.1,108.3,196,209.4,147.8,147.2,318.9,173.5,145.2,553.3,249.4,393.6,182.3,158.3,248.3,164.1,147.5,456.6,232.3,326.3,388.4,228.5,301.8,1015,630.5,147.2,184.8,325.1,149.3,114.9,413.3,190.4,299.3,345.3,235.7,249.8,817.6,385.7,107,206.4,213.9,164.4,116.6,219.3,140.2,217.8,434,214.3,354.3,221,383.1,105.5,269.5,168.4,220.9,132.3,260.3,141,341.9,389.9,415.3,437.4,189.9,644.5,111.4,258.8,139.1,293.9,114.4,422.6,144.1,302.7,339.6,560.9,266.6,330.7,425.8,86.6,151,147.2,211.3,95.3,224.5,139.7,191.5,268.5,520.1,181.8,330.3,346.4
Tur,109.1,118.1,134.3,215.8,140.7,114.9,127.8,152,166.8,175.8,195.4,256.2,110.6,118.4,139.1,205.5,133.1,116.5,133.6,152.8,173.2,176.4,197.3,263.6,116.3,119,144.8,201.2,126,116.6,132.4,150.9,175,177.9,201.7,261.5,97.1,118.1,120.6,148.4,217.5,127.2,115.3,136.8,155.7,177.4,176.1,207.1,268.3,99.7,118.2,121,157.3,216.8,121.6,115.9,143.7,157,179.7,175.7,211.6,291.6,101.6,117.7,120.1,173.7,217.2,118.3,113.2,149.5,158.6,178.8,174.2,226.3,303.5,108.6,116.5,122.2,174.8,215.1,114.1,111.2,150.2,160.1,174.4,180.3,238.5,306.8,115.6,116.7,126.8,185.5,195,115.4,110.8,153,160.9,177.4,188.8,248.5,303.9,118.6,117.2,126.5,196.9,184.6,118.4,110.8,150.5,165.8,179.9,191.2,267.3,300.7,116.3,118.4,126.3,219,182.4,113.8,109.4,150.4,173.6,180.8,192.2,272,294.8,114.4,119,127.7,217.1,178.9,111.6,114,153.6,174.5,176.2,193.7,273.5,286.7,110.2,118.4,128.2,222.8,166,112.6,123.9,154.6,169.1,176.5,194.7,267.9,273.8
Urad,96.5,105.7,131.6,206.1,167.6,114.8,123.5,180.9,194,178,189,211.6,96.3,108.5,132.1,199.3,158.1,112.6,124.5,179.6,196.6,175.9,184.6,215.8,96.5,108.3,133.7,198.2,151.1,112.1,122.1,176.9,196.7,176.7,185.6,218.2,90.7,96.2,109.7,138.8,213,149.5,110.5,123.5,180.6,195.3,176.3,189,223.4,90.8,96.3,115.1,149.7,231,145.7,108.4,128.5,187.7,196.2,174.3,185.3,227.8,92.1,95.2,116.5,160.4,247.6,140.8,105.9,132.1,184,194.2,175.3,196.5,227.9,97.9,96.6,122.3,162.8,243.7,134.1,106.9,131.5,181.7,182.9,177.4,195.8,224.8,102.3,96.3,127,167.7,229.3,127.2,109.8,131.8,180.9,179.9,178.3,196.9,223.3,102.3,97.1,128,171.8,211.6,129.1,107.6,133,177.6,181.5,179.9,205.5,220.8,99.3,97.9,124.3,196.9,199,127.7,111,136.1,181.5,179.5,184,207.2,220.5,97.5,103.1,124,204.7,188.4,123.7,118.6,162.1,188.1,179.7,186.2,217.1,217.6,97.2,103.7,124.7,203.4,178.4,121,123.3,177,191,181,190,216.6,212.9
Wheat,121.6,130,126.3,134.1,151.3,140.8,154.8,168.7,149.1,164.6,203.9,197.5,123.6,128.8,125.9,134.1,149.3,140,157.2,167.3,149.6,166.1,196.8,201.4,122.8,127.5,125.9,134.1,142.9,141.2,155.5,162.9,150.3,171.4,187.1,201,104.6,120.1,123.5,125.1,132.9,141,140.9,151.5,161.2,156.1,173.3,186.4,197,105.4,118.9,120.9,124.1,134.5,137.5,141.7,150.7,161.5,157.4,174.1,184.9,196,104.4,121.9,120.4,122.3,136.5,136.1,143.1,150.8,158.5,155.7,171.8,187.3,199,105.8,122.3,121.9,124.8,137.9,136.3,145,153.4,157.3,152.8,173.6,187.5,200.2,116,123.1,122.5,126.1,139.1,137.1,148.6,156.5,154.2,153.9,180.6,191.1,202,119.4,124.6,121.8,126.2,140,137.6,149.8,158.3,150,156.6,181.8,193.3,205.2,117.4,125.7,122.3,128.5,140.8,138,151.1,160.4,147.4,159.4,185.3,194.1,209.6,120.7,127.6,123.7,129.9,147.9,139.4,152.2,164.5,147.9,162.9,192.4,197.3,214.1,121.7,128.6,125.8,131.9,152.3,139.4,152.8,165.7,147.3,164.1,198.2,197.4,215.8
Wheat Atta,122.1,127.3,132.8,130,151.3,140.5,153.9,160.7,143.3,155,194.7,190.6,122.1,130.1,130.8,130.9,148.4,140.7,155.4,158.6,143.8,155.6,189.8,187.7,120.6,127.9,128,130.5,145.3,140.8,154.4,158.7,144.1,160.6,182,187.1,104.9,119,129.2,128,130.1,142.3,140.6,151.1,156.3,145.6,163.3,177.2,185.2,100.2,117.4,124.3,126.2,131.7,138.8,139.2,150.5,152.3,144.7,164.2,176.2,185.4,101.7,123.8,125.4,125.7,136,136.1,139.8,151.2,149.2,143.7,163.2,178.6,187.4,106.2,124.6,128,127.1,137.8,137,143.6,152.8,149.1,143.9,168.9,179.6,190.4,115.9,125.2,126.9,125.1,139.4,138.6,148.4,155.3,147.9,146.9,178.5,183.2,195.8,120.2,124.8,130.2,126.2,141.6,138,151.4,156.1,145.3,150.8,180.6,185.6,199.6,121.9,126.1,127.6,129.3,144,139.4,152.1,157.3,142.6,153.1,182.4,189.4,207.4,122,126,130.3,130.4,151.7,141,152.1,158.7,141.9,154.2,188.6,190.7,212.5,125.7,130.1,132,129.9,153.2,140.6,154,159.1,141.7,154.3,191.6,189.3,213.4
